Workbook

Sheet Baseline
A1: Baseline: how the task goes now, before Copilot
A2: Task:
A3: Time the task with a timer, from start to finish, including finding the information. Record at least three occasions. Add rework again a week later.
A5: Occasion | B5: Date | C5: Minutes, start to finish | D5: Rework after sending (minutes, 0 if none) | E5: Errors found by me | F5: Errors found by the recipient | G5: What the recipient said | H5: Notes
A6: 1
A7: 2
A8: 3
A9: 4
A10: 5
A11: 6
A12: 7
A13: 8
A14: 9
A15: 10

Sheet Trial
A1: Trial: the same task with Copilot, including everything it costs you
A2: Routine:
A3: Time each part separately. Count waiting time only if you could not do other work. Record every run, including bad ones. Total is calculated.
A5: Run | B5: Date | C5: Preparing (min) | D5: Waiting (min) | E5: Reviewing (min) | F5: Fixing (min) | G5: Maintaining (min) | H5: Total (min) | I5: Rework after sending (min) | J5: Errors found by me | K5: Errors found by the recipient | L5: Credits used (/cost) | M5: Recipient's view | N5: Notes
A6: 1 | H6: =IF(COUNT(C6:G6)=0,"",SUM(C6:G6))
A7: 2 | H7: =IF(COUNT(C7:G7)=0,"",SUM(C7:G7))
A8: 3 | H8: =IF(COUNT(C8:G8)=0,"",SUM(C8:G8))
A9: 4 | H9: =IF(COUNT(C9:G9)=0,"",SUM(C9:G9))
A10: 5 | H10: =IF(COUNT(C10:G10)=0,"",SUM(C10:G10))
A11: 6 | H11: =IF(COUNT(C11:G11)=0,"",SUM(C11:G11))
A12: 7 | H12: =IF(COUNT(C12:G12)=0,"",SUM(C12:G12))
A13: 8 | H13: =IF(COUNT(C13:G13)=0,"",SUM(C13:G13))
A14: 9 | H14: =IF(COUNT(C14:G14)=0,"",SUM(C14:G14))
A15: 10 | H15: =IF(COUNT(C15:G15)=0,"",SUM(C15:G15))
A16: 11 | H16: =IF(COUNT(C16:G16)=0,"",SUM(C16:G16))
A17: 12 | H17: =IF(COUNT(C17:G17)=0,"",SUM(C17:G17))
... A25: 20 | H25: =IF(COUNT(C25:G25)=0,"",SUM(C25:G25))

Sheet Summary
A1: Summary: baseline compared with trial
A2: Everything on this sheet is calculated from the Baseline and Trial sheets, except the yellow cells.
A4: Measure | B4: Baseline (manual) | C4: Trial (with Copilot) | D4: Difference (trial minus baseline)
A5: Occasions recorded | B5: =COUNT(Baseline!C6:C15) | C5: =COUNT(Trial!H6:H25)
A6: Average time each occasion (minutes) | B6: =IFERROR(AVERAGE(Baseline!C6:C15),"") | C6: =IFERROR(AVERAGE(Trial!H6:H25),"") | D6: =IF(OR(B6="",C6=""),"",C6-B6)
A7: of which preparing | C7: =IFERROR(AVERAGE(Trial!C6:C25),"")
A8: of which waiting | C8: =IFERROR(AVERAGE(Trial!D6:D25),"")
A9: of which reviewing | C9: =IFERROR(AVERAGE(Trial!E6:E25),"")
A10: of which fixing | C10: =IFERROR(AVERAGE(Trial!F6:F25),"")
A11: of which maintaining (spread across runs) | C11: =IFERROR(AVERAGE(Trial!G6:G25),"")
A12: Rework after sending, minutes per occasion | B12: =IFERROR(SUM(Baseline!D6:D15)/COUNT(Baseline!C6:C15),"") | C12: =IFERROR(SUM(Trial!I6:I25)/COUNT(Trial!H6:H25),"") | D12: =IF(OR(B12="",C12=""),"",C12-B12)
A13: Time including rework (minutes per occasion) | B13: =IFERROR(B6+B12,"") | C13: =IFERROR(C6+C12,"") | D13: =IF(OR(B13="",C13=""),"",C13-B13)
A14: Errors found by me, per occasion | B14: =IFERROR(SUM(Baseline!E6:E15)/COUNT(Baseline!C6:C15),"") | C14: =IFERROR(SUM(Trial!J6:J25)/COUNT(Trial!H6:H25),"") | D14: =IF(OR(B14="",C14=""),"",C14-B14)
A15: Errors found by the recipient, per occasion | B15: =IFERROR(SUM(Baseline!F6:F15)/COUNT(Baseline!C6:C15),"") | C15: =IFERROR(SUM(Trial!K6:K25)/COUNT(Trial!H6:H25),"") | D15: =IF(OR(B15="",C15=""),"",C15-B15)
A16: Credits used each run (average) | C16: =IFERROR(AVERAGE(Trial!L6:L25),"")
A17: Recipient's view: more useful (runs) | C17: =COUNTIF(Trial!M6:M25,"More useful")
A18: Recipient's view: about the same (runs) | C18: =COUNTIF(Trial!M6:M25,"About the same")
A19: Recipient's view: less useful (runs) | C19: =COUNTIF(Trial!M6:M25,"Less useful")
A21: Net time saved each occasion (minutes, after review, fixing, maintenance and rework) | B21: =IFERROR(B13-C13,"")
A22: How many times does the task happen each month?
A23: Net time saved each month (minutes) | B23: =IF(OR(B21="",B22=""),"",B21*B22)
A25: My test for success (write this BEFORE the trial)
A26: Keep it if:
A27: Stop it if:
A28: What the saved time is for:
A29: Decision (Keep, Improve, or Stop):
A30: Reason for the decision:
A31: Date to measure again:

Sheet About this file
A1: Value tracker
A3: Chapter 5.11 sample file, Microsoft Copilot Visual Bible, Book 5. Fictional.
A4: Baseline sheet: record how the task goes now. Trial sheet: record the same task with Copilot, with each part of the time separately. Summary sheet: calculates the comparison. Yellow cells are for you to fill in. Blue cells are calculated.
A5: Net time saved = baseline time minus the whole trial time (preparing, waiting, reviewing, fixing, and maintaining), taking rework into account. A first draft that takes seconds to produce does not count as the whole trial time.
A6: Credits: type /cost after a Cowork run and note the credits used. Leave blank if your account doesn't show it.
A8: This copy is blank. value-tracker-example.xlsx shows it filled in with the book's worked example.
