Workbook

Sheet Responses
A1: Respondent ID | B1: Role | C1: Years on the team | D1: Q1. How interested are you in a three-month trial of a four-day work week? | E1: Q2. Which working pattern would you prefer? | F1: Q3. Which day would you most like off? | G1: Q4. What is your biggest concern? | H1: Q5. How soon would you want a trial to start once it is approved? | I1: Q6. How satisfied are you with your working hours now? (1 = very unhappy, 5 = very happy) | J1: Q7. Any other comments?
A2: R01 | B2: Support agent | C2: 3 | D2: Very interested | E2: Four 10-hour days (same total hours) | F2: Friday | G2: Longer working days | H2: Within 4 weeks | I2: 3 | J2: I would happily work ten-hour days for a regular day off. My commute is an hour each way, so one fewer trip a week would help a lot.
A3: R02 | B3: Support agent | C3: 1 | D3: Very interested | E3: Four 8-hour days (same pay) | F3: Friday | G3: Pay and benefits | H3: Within 4 weeks | I3: 2 | J3: I'd love a shorter week, but I'm worried my pay would drop if my hours go down.
A4: R03 | B4: Senior support agent | C4: 6 | D4: Interested | E4: Four 10-hour days (same total hours) | F4: Rotating | G4: Covering absent colleagues | H4: Within 4 weeks | I4: 4 | J4: Senior agents already cover for sick colleagues. A rota would need to protect the phones on busy Mondays.
A5: R04 | B5: Support agent | C5: 2 | D5: Not sure | E5: Keep five days | F5: Not applicable | G5: Customer waiting times | H5: 4 to 8 weeks | I5: 3 | J5: Customers already wait on busy mornings. I'd want proof that a four-day week wouldn't make that worse.
A6: R05 | B6: Support agent | C6: 4 | D6: Very interested | E6: Four 8-hour days (same pay) | F6: Friday | G6: Customer waiting times | H6: Within 4 weeks | I6: 3 | J6: Fewer hours would help me stay focused on calls. Customers deserve agents who aren't worn out by Thursday.
A7: R06 | B7: Support agent | C7: 0.5 | D7: Interested | E7: Four 8-hour days (same pay) | F7: Monday | G7: Fairness of days off | H7: 4 to 8 weeks | I7: 4 | J7: New starters like me might not get the best day off. I'd like the rota to be fair to everyone.
A8: R07 | B8: Senior support agent | C8: 8 | D8: Very interested | E8: Four 10-hour days (same total hours) | F8: Friday | G8: Longer working days | H8: Within 4 weeks | I8: 2 | J8: Ten hours on the phone is tiring. If we do that, I'd want longer breaks between calls.
A9: R08 | B9: Support agent | C9: 2 | D9: Interested | E9: Four 8-hour days (same pay) | F9: Rotating | G9: Customer waiting times | H9: 4 to 8 weeks | I9: 3 | J9: As long as someone always answers the phone within a minute, I'm in. Customers come first.
A10: R09 | B10: Support agent | C10: 5 | D10: Not interested | E10: Keep five days | F10: Not applicable | G10: Covering absent colleagues | H10: 4 to 8 weeks | I10: 4 | J10: I like my five-day routine. I don't want to cover extra calls for people on their day off.
A11: R10 | B11: Support agent | C11: 3 | D11: Not sure | E11: Keep five days | F11: Not applicable | G11: Pay and benefits | H11: More than 8 weeks | I11: 3 | J11: I need to know how this affects my pay and my holiday allowance before I decide.
A12: R11 | B12: Senior support agent | C12: 7 | D12: Very interested | E12: Four 10-hour days (same total hours) | F12: Monday | G12: Customer waiting times | H12: Within 4 weeks | I12: 5 | J12: A three-month trial is fair. We should track call waiting times and customer satisfaction scores the whole way through.
A13: R12 | B13: Support agent | C13: 1 | D13: Not sure | E13: Four 8-hour days (same pay) | F13: Rotating | G13: No concerns | H13: More than 8 weeks | I13: 3 | J13: I'm open to it, but I'd rather wait until after the busy holiday season.

Sheet Summary
A1: Team survey summary: working hours
A2: All counts below are formulas that read the Responses sheet.
A3: Total responses | B3: =COUNTA(Responses!A2:A13) -> 12
A5: Q1. How interested are you in a three-month trial of a four-day work week? | B5: People | C5: Share
A6: Very interested | B6: =COUNTIF(Responses!$D$2:$D$13,A6) -> 5 | C6: =B6/$B$3 -> 0.41666667
A7: Interested | B7: =COUNTIF(Responses!$D$2:$D$13,A7) -> 3 | C7: =B7/$B$3 -> 0.25
A8: Not sure | B8: =COUNTIF(Responses!$D$2:$D$13,A8) -> 3 | C8: =B8/$B$3 -> 0.25
A9: Not interested | B9: =COUNTIF(Responses!$D$2:$D$13,A9) -> 1 | C9: =B9/$B$3 -> 0.083333333
A10: Total | B10: =SUM(B6:B9) -> 12 | C10: =SUM(C6:C9) -> 1
A12: Q2. Which working pattern would you prefer? | B12: People | C12: Share
A13: Four 10-hour days (same total hours) | B13: =COUNTIF(Responses!$E$2:$E$13,A13) -> 4 | C13: =B13/$B$3 -> 0.33333333
A14: Four 8-hour days (same pay) | B14: =COUNTIF(Responses!$E$2:$E$13,A14) -> 5 | C14: =B14/$B$3 -> 0.41666667
A15: Keep five days | B15: =COUNTIF(Responses!$E$2:$E$13,A15) -> 3 | C15: =B15/$B$3 -> 0.25
A16: Total | B16: =SUM(B13:B15) -> 12 | C16: =SUM(C13:C15) -> 1
A18: Q3. Which day would you most like off? | B18: People | C18: Share
A19: Friday | B19: =COUNTIF(Responses!$F$2:$F$13,A19) -> 4 | C19: =B19/$B$3 -> 0.33333333
A20: Monday | B20: =COUNTIF(Responses!$F$2:$F$13,A20) -> 2 | C20: =B20/$B$3 -> 0.16666667
A21: Rotating | B21: =COUNTIF(Responses!$F$2:$F$13,A21) -> 3 | C21: =B21/$B$3 -> 0.25
A22: Not applicable | B22: =COUNTIF(Responses!$F$2:$F$13,A22) -> 3 | C22: =B22/$B$3 -> 0.25
A23: Total | B23: =SUM(B19:B22) -> 12 | C23: =SUM(C19:C22) -> 1
A25: Q4. What is your biggest concern? | B25: People | C25: Share
A26: Customer waiting times | B26: =COUNTIF(Responses!$G$2:$G$13,A26) -> 4 | C26: =B26/$B$3 -> 0.33333333
A27: Longer working days | B27: =COUNTIF(Responses!$G$2:$G$13,A27) -> 2 | C27: =B27/$B$3 -> 0.16666667
A28: Covering absent colleagues | B28: =COUNTIF(Responses!$G$2:$G$13,A28) -> 2 | C28: =B28/$B$3 -> 0.16666667
A29: Pay and benefits | B29: =COUNTIF(Responses!$G$2:$G$13,A29) -> 2 | C29: =B29/$B$3 -> 0.16666667
A30: Fairness of days off | B30: =COUNTIF(Responses!$G$2:$G$13,A30) -> 1 | C30: =B30/$B$3 -> 0.083333333
A31: No concerns | B31: =COUNTIF(Responses!$G$2:$G$13,A31) -> 1 | C31: =B31/$B$3 -> 0.083333333
A32: Total | B32: =SUM(B26:B31) -> 12 | C32: =SUM(C26:C31) -> 1
A34: Q5. How soon would you want a trial to start once it is approved? | B34: People | C34: Share
A35: Within 4 weeks | B35: =COUNTIF(Responses!$H$2:$H$13,A35) -> 6 | C35: =B35/$B$3 -> 0.5
A36: 4 to 8 weeks | B36: =COUNTIF(Responses!$H$2:$H$13,A36) -> 4 | C36: =B36/$B$3 -> 0.33333333
A37: More than 8 weeks | B37: =COUNTIF(Responses!$H$2:$H$13,A37) -> 2 | C37: =B37/$B$3 -> 0.16666667
A38: Total | B38: =SUM(B35:B37) -> 12 | C38: =SUM(C35:C37) -> 1
A40: Q6. How satisfied are you with your working hours now? (1 = very unhappy, 5 = very happy)
A41: Average score (1 to 5) | B41: =AVERAGE(Responses!I2:I13) -> 3.25
A42: Lowest score | B42: =MIN(Responses!I2:I13) -> 2
A43: Highest score | B43: =MAX(Responses!I2:I13) -> 5

Sheet About this file
A1: About this file
A2: This is a fictional sample file for Microsoft Copilot Visual Bible, Book 1, Chapter 1.7.
A3: It contains made-up answers from 12 customer support staff to a short survey about working hours.
A4: Respondent IDs are anonymous. No real people, companies, or personal data are included.
A6: Sheets
A7: Responses: one row per person, with the survey questions as column headings.
A8: Summary: counts and percentages for each question, calculated with formulas.
A10: Survey background
A11: The support team has 12 people. They answer customer calls from 8 AM to 6 PM, Monday to Friday.
A12: Customers expect a reply within one working day.
A13: The survey ran in the week of March 2, 2026, before any decision about a trial.
